sec_code,sec_name,chunk_n,shard,year
688017,绿的谐波,11,1,2020
688025,杰普特,19,1,2019
688031,星环科技,19,1,2022
688037,芯源微,13,1,2019
688047,龙芯中科,8,1,2022
688048,长光华芯,16,1,2022
688057,金达莱,28,1,2020
688067,爱威科技,17,1,2021
688076,诺泰生物,27,1,2021
688077,大地熊,13,1,2020
688079,美迪凯,12,1,2021
688084,晶品特装,15,1,2022
688087,英科再生,14,1,2021
688092,爱科科技,17,1,2021
688097,博众精工,20,1,2021
688100,威胜信息,23,1,2020
688107,安路科技,10,1,2021
688108,赛诺医疗,21,1,2019
688110,东芯股份,11,1,2021
688131,皓元医药,25,1,2021
688135,利扬芯片,13,1,2020
688136,科兴制药,18,1,2020
688137,近岸蛋白,16,1,2022
688151,华强科技,12,1,2021
688155,先惠技术,15,1,2020
688156,路德环境,17,1,2020
688167,炬光科技,14,1,2021
688170,德龙激光,16,1,2022
688175,高凌信息,19,1,2022
688177,百奥泰,24,1,2020
688184,帕瓦股份,8,1,2022
688191,智洋创新,18,1,2021
688197,首药控股,13,1,2022
688199,久日新材,23,1,2019
688207,格灵深瞳,9,1,2022
688210,统联精密,12,1,2021
688213,思特威,11,1,2022
688223,晶科能源,16,1,2022
688232,新点软件,20,1,2021
688237,超卓航科,10,1,2022
688246,嘉和美康,19,1,2021
688253,英诺特,15,1,2022
688255,凯尔达,18,1,2021
688262,国芯科技,21,1,2021
688270,臻镭科技,12,1,2022
688275,万润新能,17,1,2022
688276,百克生物,14,1,2021
688281,华秦科技,13,1,2022
688295,中复神鹰,14,1,2022
688296,和达科技,16,1,2021
688300,联瑞新材,23,1,2019
688302,海创药业,19,1,2022
688309,恒誉环保,26,1,2020
688314,康拓医疗,12,1,2021
688323,瑞华泰,10,1,2021
688327,云从科技,18,1,2022
688334,西高院,21,1,2023
688335,复洁环保,16,1,2020
688339,亿华通,20,1,2020
688352,颀中科技,15,1,2023
688358,祥生医疗,17,1,2019
688362,甬矽电子,12,1,2022
688369,致远互联,14,1,2019
688381,帝奥微,13,1,2022
688382,益方生物,22,1,2022
688386,泛亚微透,16,1,2020
688391,钜泉科技,17,1,2022
688395,正弦电气,11,1,2021
688416,恒烁股份,14,1,2022
688418,震有科技,18,1,2020
688419,耐科装备,15,1,2022
688429,时创能源,9,1,2023
688439,振华风光,8,1,2022
688475,萤石网络,15,1,2022
688480,赛恩斯,17,1,2022
688499,利元亨,13,1,2021
688505,复旦张江,18,1,2020
688508,芯朋微,12,1,2020
688511,天微电子,16,1,2021
688518,联赢激光,25,1,2020
688522,纳睿雷达,11,1,2023
688525,佰维存储,15,1,2022
688543,国科军工,9,1,2023
688556,高测股份,19,1,2020
688561,奇安信,24,1,2020
688562,航天软件,14,1,2023
688568,中科星图,21,1,2020
688577,浙海德曼,16,1,2020
688578,艾力斯,20,1,2020
688590,新致软件,12,1,2020
688591,泰凌微,13,1,2023
688600,皖仪科技,17,1,2020
688606,奥泰生物,18,1,2021
688608,恒玄科技,10,1,2020
688616,西力科技,14,1,2021
688619,罗普特,23,1,2021
688646,逸飞激光,11,1,2023
688656,浩欧博,15,1,2021
688661,和林微纳,13,1,2021
688665,四方光电,20,1,2021
688669,聚石化学,16,1,2021
688670,金迪克,14,1,2021
688680,海优新材,12,1,2021
688690,纳微科技,11,1,2021
688696,极米科技,21,1,2021
688699,明微电子,14,1,2020
688717,艾罗能源,17,1,2023
688737,中自科技,15,1,2021
688772,珠海冠宇,16,1,2021
688793,倍轻松,19,1,2021
688800,瑞可达,15,1,2021
688004,博汇科技,18,2,2020
688023,安恒信息,20,2,2019
688030,山石网科,22,2,2019
688032,禾迈股份,14,2,2021
688046,药康生物,14,2,2022
688051,佳华科技,20,2,2020
688059,华锐精密,11,2,2021
688062,迈威生物,19,2,2022
688071,华依科技,18,2,2021
688072,拓荆科技,8,2,2022
688089,嘉必优,16,2,2019
688093,世华科技,17,2,2020
688095,福昕软件,12,2,2020
688109,品茗股份,15,2,2021
688114,华大智造,10,2,2022
688115,思林杰,13,2,2022
688116,天奈科技,14,2,2019
688117,圣诺生物,20,2,2021
688143,长盈通,18,2,2022
688146,中船特气,16,2,2023
688147,微导纳米,11,2,2022
688148,芳源股份,13,2,2021
688158,优刻得,22,2,2020
688160,步科股份,12,2,2020
688163,赛伦生物,15,2,2022
688169,石头科技,17,2,2020
688176,亚虹医药,19,2,2021
688180,君实生物,23,2,2020
688182,灿勤科技,14,2,2021
688183,生益电子,24,2,2021
688196,卓越新能,25,2,2019
688201,信安世纪,16,2,2021
688209,英集芯,13,2,2022
688220,翱捷科技,18,2,2022
688225,亚信安全,16,2,2022
688226,威腾电气,23,2,2021
688230,芯导科技,11,2,2021
688233,神工股份,9,2,2020
688238,和元生物,12,2,2022
688247,宣泰医药,19,2,2022
688249,晶合集成,10,2,2023
688259,创耀科技,18,2,2022
688268,华特气体,21,2,2019
688282,理工导航,14,2,2022
688285,高铁电气,15,2,2021
688286,敏芯股份,12,2,2020
688305,科德数控,20,2,2021
688306,均普智能,16,2,2022
688308,欧科亿,14,2,2020
688317,之江生物,26,2,2021
688321,微芯生物,19,2,2019
688325,赛微微电,8,2,2022
688330,宏力达,18,2,2020
688332,中科蓝讯,12,2,2022
688345,博力威,17,2,2021
688351,微电生理,13,2,2022
688359,三孚新科,15,2,2021
688367,工大高科,16,2,2021
688370,丛麟科技,17,2,2022
688371,菲沃泰,14,2,2022
688387,信科移动,21,2,2022
688393,安必平,20,2,2020
688399,硕世生物,23,2,2019
688400,凌云光,17,2,2022
688401,路维光电,13,2,2022
688403,汇成股份,10,2,2022
688420,美腾科技,15,2,2022
688432,有研硅,12,2,2022
688443,智翔金泰,16,2,2023
688455,科捷智能,18,2,2022
688479,友车科技,8,2,2023
688484,南芯科技,9,2,2023
688485,九州一轨,15,2,2023
688488,艾迪药业,17,2,2020
688498,源杰科技,11,2,2022
688509,正元地信,18,2,2021
688512,慧智微,12,2,2023
688516,奥特维,28,2,2020
688528,秦川物联,27,2,2020
688531,日联科技,14,2,2023
688535,华海诚科,16,2,2023
688549,中巨芯,13,2,2023
688558,国盛智科,22,2,2020
688565,力源科技,14,2,2021
688566,吉贝尔,25,2,2020
688576,西山科技,21,2,2023
688579,山大地纬,15,2,2020
688582,芯动联科,11,2,2023
688585,上纬新材,20,2,2020
688597,煜邦电力,19,2,2021
688598,金博股份,12,2,2020
688601,力芯微,9,2,2021
688602,康鹏科技,17,2,2023
688613,奥精医疗,16,2,2021
688617,惠泰医疗,24,2,2021
688625,呈和科技,13,2,2021
688627,精智达,10,2,2023
688629,华丰科技,14,2,2023
688648,中邮科技,11,2,2023
688662,富信科技,18,2,2021
688663,新风光,13,2,2021
688671,碧兴物联,14,2,2023
688676,金盘科技,20,2,2021
688681,科汇股份,15,2,2021
688682,霍莱沃,12,2,2021
688683,莱尔科技,16,2,2021
688718,唯赛勃,17,2,2021
688722,同益中,11,2,2021
688733,壹石通,14,2,2021
688739,成大生物,15,2,2021
688778,厦钨新能,16,2,2021
688013,天臣医疗,18,3,2020
688026,洁特生物,24,3,2020
688027,国盾量子,20,3,2020
688039,当虹科技,15,3,2019
688053,思科瑞,14,3,2022
688058,宝兰德,22,3,2019
688063,派能科技,15,3,2020
688069,德林海,20,3,2020
688075,安旭生物,19,3,2021
688090,瑞松科技,24,3,2020
688091,上海谊众,11,3,2021
688102,斯瑞新材,16,3,2022
688103,国力股份,17,3,2021
688106,金宏气体,18,3,2020
688113,联测科技,15,3,2021
688120,华海清科,13,3,2022
688126,沪硅产业,12,3,2020
688127,蓝特光学,14,3,2020
688130,晶华微,10,3,2022
688153,唯捷创芯,8,3,2022
688161,威高骨科,22,3,2021
688162,巨一科技,16,3,2021
688168,安博通,11,3,2019
688171,纬德信息,13,3,2022
688173,希荻微,15,3,2022
688179,阿拉丁,20,3,2020
688185,康希诺,19,3,2020
688187,时代电气,18,3,2021
688190,云路股份,14,3,2021
688192,迪哲医药,17,3,2021
688200,华峰测控,12,3,2020
688212,澳华内镜,16,3,2021
688215,瑞晟智能,13,3,2020
688227,品高股份,16,3,2021
688228,开普云,24,3,2020
688229,博睿数据,18,3,2020
688236,春立医疗,23,3,2021
688248,南网科技,19,3,2021
688251,井松智能,10,3,2022
688256,寒武纪,12,3,2020
688261,东微半导,11,3,2022
688269,凯立新材,18,3,2021
688271,联影医疗,21,3,2022
688273,麦澜德,9,3,2022
688290,景业智能,14,3,2022
688291,金橙子,12,3,2022
688303,大全能源,15,3,2021
688316,青云科技,20,3,2021
688318,财富趋势,16,3,2020
688320,禾川科技,14,3,2022
688331,荣昌生物,25,3,2022
688338,赛科希德,18,3,2020
688348,昱能科技,12,3,2022
688350,富淼科技,17,3,2021
688361,中科飞测,8,3,2023
688365,光云科技,13,3,2020
688368,晶丰明源,16,3,2019
688373,盟科药业,17,3,2022
688383,新益昌,15,3,2021
688396,华润微,14,3,2020
688410,山外山,13,3,2022
688425,铁建重工,26,3,2021
688428,诺诚健华,20,3,2022
688435,英方软件,17,3,2023
688456,有研粉材,15,3,2021
688459,哈铁科技,18,3,2022
688478,晶升股份,16,3,2023
688489,三未信安,12,3,2022
688502,茂莱光学,17,3,2023
688503,聚和材料,9,3,2022
688507,索辰科技,11,3,2023
688510,航亚科技,15,3,2020
688520,神州细胞,21,3,2020
688521,芯原股份,10,3,2020
688529,豪森股份,19,3,2020
688533,上声电子,12,3,2021
688539,高华科技,14,3,2023
688550,瑞联新材,8,3,2020
688551,科威尔,16,3,2020
688553,汇宇制药,18,3,2021
688563,航材股份,13,3,2023
688570,天玛智控,22,3,2023
688580,伟思医疗,15,3,2020
688586,江航装备,11,3,2020
688588,凌志软件,23,3,2020
688596,正帆科技,14,3,2020
688599,天合光能,28,3,2020
688611,杭州柯林,12,3,2021
688618,三旺通信,16,3,2020
688620,安凯微,9,3,2023
688622,禾信仪器,19,3,2021
688626,翔宇医疗,20,3,2021
688628,优利德,27,3,2021
688630,芯碁微装,14,3,2021
688638,誉辰智能,13,3,2023
688651,盛邦安全,11,3,2023
688655,迅捷兴,17,3,2021
688658,悦康药业,21,3,2020
688677,海泰新光,14,3,2021
688687,凯因科技,20,3,2021
688688,蚂蚁集团,16,3,2020
688689,银河微电,18,3,2021
688697,纽威数控,15,3,2021
688700,东威科技,10,3,2021
688702,盛科通信,12,3,2023
688766,普冉股份,15,3,2021
688777,中控技术,14,3,2020
688779,长远锂科,17,3,2021
688787,海天瑞声,24,3,2021
688789,宏华数科,13,3,2021
688819,天能股份,11,3,2021
688035,德邦科技,13,4,2022
688041,海光信息,9,4,2022
688045,必易微,10,4,2022
688049,炬芯科技,10,4,2021
688050,爱博医疗,23,4,2020
688052,纳芯微,13,4,2022
688055,龙腾光电,15,4,2020
688056,莱伯泰科,18,4,2020
688061,灿瑞科技,12,4,2022
688065,凯赛生物,14,4,2020
688080,映翰通,15,4,2020
688083,中望软件,21,4,2021
688085,三友医疗,24,4,2020
688086,紫晶存储,26,4,2020
688096,京源环保,20,4,2020
688101,三达膜,19,4,2019
688112,鼎阳科技,18,4,2021
688119,中钢洛耐,17,4,2022
688121,卓然股份,16,4,2021
688125,安达智能,13,4,2022
688129,东来技术,15,4,2020
688132,邦彦技术,14,4,2022
688139,海尔生物,12,4,2019
688141,杰华特,10,4,2022
688165,埃夫特,16,4,2020
688166,博瑞医药,24,4,2019
688178,万德斯,15,4,2020
688186,广大特材,21,4,2020
688188,柏楚电子,18,4,2019
688189,南新制药,23,4,2020
688195,腾景科技,13,4,2021
688203,海正生材,20,4,2022
688205,德科立,12,4,2022
688208,道通科技,14,4,2020
688211,中科微至,11,4,2021
688217,睿昂基因,16,4,2021
688239,航宇科技,19,4,2021
688244,永信至诚,18,4,2022
688252,天德钰,10,4,2022
688260,昀冢科技,17,4,2021
688265,南模生物,12,4,2021
688266,泽璟制药,26,4,2020
688267,中触媒,13,4,2022
688277,天智航,16,4,2020
688279,峰岹科技,9,4,2022
688280,精进电动,21,4,2021
688289,圣湘生物,19,4,2020
688292,浩瀚深度,14,4,2022
688298,东方生物,23,4,2020
688299,长阳科技,18,4,2019
688312,燕麦科技,12,4,2020
688319,欧林生物,20,4,2021
688328,深科达,16,4,2021
688337,普源精电,15,4,2022
688353,华盛锂电,12,4,2022
688356,键凯科技,14,4,2020
688357,建龙微纳,17,4,2019
688360,德马科技,22,4,2020
688363,华熙生物,24,4,2019
688372,伟测科技,11,4,2022
688378,奥来德,13,4,2020
688379,华光新材,16,4,2020
688389,普门科技,18,4,2019
688390,固德威,17,4,2020
688398,赛特新材,15,4,2020
688408,中信博,14,4,2020
688409,富创精密,8,4,2022
688458,美芯晟,13,4,2023
688466,金科环境,15,4,2020
688468,科美诊断,17,4,2021
688496,清越科技,12,4,2022
688500,慧辰资讯,16,4,2020
688501,青达环保,18,4,2021
688513,苑东生物,15,4,2020
688515,裕太微,11,4,2023
688519,南亚新材,9,4,2020
688536,思瑞浦,10,4,2020
688538,和辉光电,19,4,2021
688555,泽达易盛,20,4,2020
688559,海目星,18,4,2020
688560,明冠新材,14,4,2020
688567,孚能科技,21,4,2020
688571,杭华股份,16,4,2020
688573,信宇人,12,4,2023
688575,亚辉龙,26,4,2021
688581,安杰思,17,4,2023
688589,力合微,13,4,2020
688603,天承科技,14,4,2023
688607,康众医疗,15,4,2021
688609,九联科技,28,4,2021
688612,威迈斯,23,4,2023
688631,莱斯信息,19,4,2023
688633,星球石墨,11,4,2021
688636,智明达,20,4,2021
688639,华恒生物,13,4,2021
688653,康希通信,9,4,2023
688657,浩辰软件,14,4,2023
688659,元琛科技,16,4,2021
688660,电气风电,21,4,2021
688668,鼎通科技,12,4,2020
688679,通源环境,11,4,2020
688686,奥普特,14,4,2020
688701,卓锦股份,18,4,2021
688707,振华新材,17,4,2021
688711,宏微科技,15,4,2021
688728,格科微,16,4,2021
688767,博拓生物,20,4,2021
688768,容知日新,15,4,2021
688788,科思科技,17,4,2020
688798,艾为电子,12,4,2021
