sec_code,sec_name,year,raw_glm4_tokens,dewrap_join_glm4_tokens,dewrap_space_glm4_tokens,dewrap_join_compact_chars
688099,晶晨股份,2019,42526,37833,39870,61773
688188,柏楚电子,2019,80055,69875,73950,110636
688321,微芯生物,2019,83716,74714,79081,118177
688168,安博通,2019,47402,41620,44184,66224
688116,天奈科技,2019,60804,53629,56921,82083
688030,山石网科,2019,98101,84491,90619,136821
688068,热景生物,2019,103199,91545,97307,137136
688036,传音控股,2019,100965,89692,94952,141747
688368,晶丰明源,2019,71038,62906,66822,100216
688058,宝兰德,2019,96334,83704,89537,144428
688098,申联生物,2019,60123,52829,56312,78452
688139,海尔生物,2019,53618,46772,49929,73772
688108,赛诺医疗,2019,92288,80930,86030,129126
688366,昊海生科,2019,125834,108343,116855,161576
688369,致远互联,2019,60596,54342,56715,88791
688025,杰普特,2019,82915,73539,77896,110503
688199,久日新材,2019,99744,88877,93834,134476
688299,长阳科技,2019,76526,67923,71960,107463
688363,华熙生物,2019,103970,92259,97976,146647
688021,奥福环保,2019,84419,74101,78846,110046
688023,安恒信息,2019,88468,75569,81178,121567
688128,中国电器,2019,150233,129860,139368,202878
688166,博瑞医药,2019,107216,94386,99841,142011
688202,美迪西,2019,64454,57091,60764,93752
688288,鸿泉物联,2019,87118,75723,80259,113364
688389,普门科技,2019,75969,67837,71157,102010
688300,联瑞新材,2019,96830,89210,91896,130607
688101,三达膜,2019,83612,73300,78677,115660
688111,金山办公,2019,99416,85339,91673,133379
688138,清溢光电,2019,56486,50051,52909,74364
688196,卓越新能,2019,110658,95914,102275,146147
688310,迈得医疗,2019,47134,41287,44025,63283
688358,祥生医疗,2019,69683,61677,65386,94547
688118,普元信息,2019,67766,59081,63252,93186
688357,建龙微纳,2019,74546,65815,69225,94260
688399,硕世生物,2019,101320,87773,94140,134894
688258,卓易信息,2019,77435,68460,72069,99923
688198,佰仁医疗,2019,89526,79249,84362,120656
688218,江苏北人,2019,75038,65851,70014,104991
688039,当虹科技,2019,63224,56463,59769,90095
688268,华特气体,2019,87386,77328,81886,108242
688037,芯源微,2019,54085,47658,50549,71361
688089,嘉必优,2019,70957,62305,66325,97145
688123,聚辰股份,2019,82817,72696,76860,118010
688078,龙软科技,2019,96158,84644,89265,133682
688081,兴图新科,2019,80154,70893,74902,112369
688181,八亿时空,2019,72354,64303,68297,97745
688178,万德斯,2020,65539,57301,61429,90243
688100,威胜信息,2020,100687,87632,93995,134670
688186,广大特材,2020,90949,81251,85493,117878
688278,特宝生物,2020,147142,129434,138214,204484
688158,优刻得,2020,92789,81995,86844,125779
688026,洁特生物,2020,106876,93618,99739,143602
688159,有方科技,2020,102285,90283,95992,139941
688266,泽璟制药,2020,110944,99042,104709,150938
688298,东方生物,2020,100104,88353,93814,138941
688080,映翰通,2020,65588,56900,61056,90403
688398,赛特新材,2020,66433,58377,62404,90677
688208,道通科技,2020,60304,52769,55638,84830
688090,瑞松科技,2020,103463,90277,96906,137528
688200,华峰测控,2020,53831,46574,49353,74466
688169,石头科技,2020,76195,67282,71222,106164
688177,百奥泰,2020,103066,91512,96321,141918
688233,神工股份,2020,37112,33066,35049,51490
688396,华润微,2020,61851,54274,57615,84962
688086,紫晶存储,2020,110241,99325,104166,150588
688051,佳华科技,2020,86365,75275,81041,119510
688189,南新制药,2020,101203,90339,95442,140675
688228,开普云,2020,105597,91288,97840,146003
688085,三友医疗,2020,105360,91301,97219,139109
688096,京源环保,2020,86552,75305,80414,116674
688222,成都先导,2020,63005,55850,58803,88521
688126,沪硅产业,2020,52114,46090,49015,73165
688318,财富趋势,2020,70593,61706,66303,103338
688365,光云科技,2020,55843,49218,52208,75807
688466,金科环境,2020,66988,58059,62613,89726
688588,凌志软件,2020,101288,89970,95899,147774
688566,吉贝尔,2020,110786,97256,103462,146833
688598,金博股份,2020,50470,44377,47141,69106
688516,奥特维,2020,118751,104002,110897,149915
688360,德马科技,2020,97084,85048,90629,132334
688157,松井股份,2020,81055,69664,74733,102540
688312,燕麦科技,2020,51548,45004,47943,68206
688599,天合光能,2020,122672,107861,114415,167335
688004,博汇科技,2020,79634,68724,73688,111540
688106,金宏气体,2020,77837,68121,72591,104371
688505,复旦张江,2020,79392,69888,74045,108679
688520,神州细胞,2020,90298,80917,85006,123299
688518,联赢激光,2020,111476,96818,103932,144805
688555,泽达易盛,2020,88337,75619,81702,123887
688528,秦川物联,2020,114617,101442,107522,147049
688558,国盛智科,2020,95130,82673,88633,124393
688600,皖仪科技,2020,71773,63304,67479,99129
688277,天智航,2020,67960,59597,63593,99714
688377,迪威尔,2020,86995,79220,84214,122713
688027,国盾量子,2020,88561,78091,82921,122245
688568,中科星图,2020,85207,73931,79114,111106
688060,云涌科技,2020,52479,45222,48520,74016
688180,君实生物,2020,100999,89327,94473,136710
688165,埃夫特,2020,69607,60309,64165,94293
688309,恒誉环保,2020,113362,99305,106748,156265
688567,孚能科技,2020,90205,79844,83366,121217
688579,山大地纬,2020,63643,55075,59397,92312
688488,艾迪药业,2020,71694,63788,67716,98643
688500,慧辰资讯,2020,70436,61310,65902,100078
688981,中芯国际,2020,34408,30957,32570,48565
688256,寒武纪,2020,52005,44988,48023,74658
688580,伟思医疗,2020,63800,55939,59733,86983
688069,德林海,2020,87872,75243,81260,108998
688077,大地熊,2020,53514,47361,50280,70692
688336,三生国健,2020,154892,138096,145861,208165
688418,震有科技,2020,81465,70302,75277,112946
688508,芯朋微,2020,52203,45950,48823,71766
688589,力合微,2020,55400,47668,50727,75092
688561,奇安信,2020,109405,93951,101727,148638
688155,先惠技术,2020,65469,58030,62579,93451
688050,爱博医疗,2020,96782,84404,89960,124820
688311,盟升电子,2020,71179,63244,66657,100214
688586,江航装备,2020,44633,40549,41819,60279
688338,赛科希德,2020,77679,67797,72410,105861
688556,高测股份,2020,80897,71250,75789,107090
688286,敏芯股份,2020,51156,44798,47543,72354
688339,亿华通,2020,83873,74280,79111,118068
688185,康希诺,2020,82929,72988,77365,110030
688313,仕佳光子,2020,71301,63006,66421,91227
688065,凯赛生物,2020,58385,51422,54783,78051
688229,博睿数据,2020,78255,69387,73494,114631
688335,复洁环保,2020,69392,61210,65295,97052
688055,龙腾光电,2020,63965,57277,60313,88064
688519,南亚新材,2020,36587,32999,34332,49267
688379,华光新材,2020,68289,60106,63919,87541
688521,芯原股份,2020,43563,38142,40439,63156
688393,安必平,2020,89184,78696,83807,122345
688596,正帆科技,2020,60793,52985,56714,81490
688356,键凯科技,2020,62350,54527,57885,84199
688215,瑞晟智能,2020,57748,50398,53768,79653
688289,圣湘生物,2020,79595,70216,74828,115178
688408,中信博,2020,61612,54413,58175,87879
688017,绿的谐波,2020,45178,39817,42724,64309
688513,苑东生物,2020,66670,58212,61790,86876
688569,铁科轨道,2020,75460,65595,69564,92561
688550,瑞联新材,2020,35665,31209,33075,49025
688056,莱伯泰科,2020,79049,69948,72736,110931
688378,奥来德,2020,54600,48078,51200,71667
688390,固德威,2020,71995,65196,68259,102498
688559,海目星,2020,77042,68189,71764,102803
688095,福昕软件,2020,51482,45251,47876,74685
688551,科威尔,2020,73145,63263,67836,101453
688577,浙海德曼,2020,68699,60671,63748,93871
688301,奕瑞科技,2020,51322,45333,48177,72790
688536,思瑞浦,2020,41448,35875,38208,57098
688127,蓝特光学,2020,60198,53425,56963,84148
688156,路德环境,2020,74383,64981,70312,97573
688526,科前生物,2020,106496,91277,97849,132364
688595,芯海科技,2020,66525,57955,61788,83942
688013,天臣医疗,2020,76486,66741,71311,109385
688585,上纬新材,2020,85710,75204,80793,115869
688093,世华科技,2020,72430,63998,68067,104852
688330,宏力达,2020,77743,69214,72559,104676
688386,泛亚微透,2020,66906,58130,62280,84158
688788,科思科技,2020,72528,64477,68608,105287
688129,东来技术,2020,63673,55448,59282,83727
688179,阿拉丁,2020,85020,76004,80731,121486
688221,前沿生物,2020,86807,76853,81549,117790
688688,蚂蚁集团,2020,65538,59357,63034,98349
688133,泰坦科技,2020,58950,51868,55162,81804
688529,豪森股份,2020,84271,73065,78512,115293
688135,利扬芯片,2020,55092,48245,51416,76507
688057,金达莱,2020,127311,108559,117123,163004
688160,步科股份,2020,50060,45479,46966,70827
688219,会通股份,2020,58604,50504,54108,77299
688777,中控技术,2020,60478,54357,56378,87243
688578,艾力斯,2020,84984,74580,78888,111740
688557,兰剑智能,2020,82577,72679,77754,112949
688590,新致软件,2020,51482,45531,48292,76622
688571,杭华股份,2020,68584,59023,63552,86429
688136,科兴制药,2020,75615,68104,72392,101166
688308,欧科亿,2020,58983,51885,55079,74278
688510,航亚科技,2020,61808,54407,58158,86089
688608,恒玄科技,2020,41928,37326,39209,59423
688699,明微电子,2020,58003,51557,54282,79381
688668,鼎通科技,2020,49275,43584,46271,67984
688678,福立旺,2020,23607,21322,22601,34181
688560,明冠新材,2020,57073,50499,53427,74293
688658,悦康药业,2020,90863,78882,84136,115743
688679,通源环境,2020,47682,41618,44586,64755
688063,派能科技,2020,64669,57214,61257,89565
688698,伟创电气,2020,67765,59615,63331,89579
688618,三旺通信,2020,66617,58308,62174,92674
688686,奥普特,2020,57709,51156,54730,80132
688617,惠泰医疗,2021,107060,92326,98164,135955
688656,浩欧博,2021,65516,56569,60742,87471
688819,天能股份,2021,48373,42494,45352,67304
688317,之江生物,2021,114994,100917,107158,159406
688669,聚石化学,2021,70476,60641,65162,87951
688680,海优新材,2021,50213,45611,48195,67284
688689,银河微电,2021,76418,68395,72266,99023
688350,富淼科技,2021,73813,64840,69432,100556
688628,优利德,2021,115381,104676,108981,155437
688607,康众医疗,2021,63771,56733,60024,90986
688687,凯因科技,2021,83895,75395,79477,114964
688059,华锐精密,2021,48631,42710,45467,63133
688070,纵横股份,2021,86836,78154,83038,124251
688665,四方光电,2021,83341,75023,78054,114444
688619,罗普特,2021,101842,85293,92947,133634
688183,生益电子,2021,97906,90297,92787,135637
688677,海泰新光,2021,60967,53447,57011,84511
688079,美迪凯,2021,52308,46112,48516,72065
688696,极米科技,2021,91459,81193,86053,116743
688328,深科达,2021,66594,59541,61745,87667
688676,金盘科技,2021,84168,74717,79425,115781
688667,菱电电控,2021,70529,61276,65432,95076
688083,中望软件,2021,92422,80907,85729,128097
688316,青云科技,2021,84425,75107,79474,119834
688456,有研粉材,2021,66261,57543,61584,86892
688616,西力科技,2021,61753,54167,57652,80151
688092,爱科科技,2021,71377,63032,66795,99303
688609,九联科技,2021,122207,108032,114829,168907
688329,艾隆科技,2021,37907,33699,35131,50616
688606,奥泰生物,2021,77507,67990,72612,107662
688633,星球石墨,2021,47686,41501,44536,62402
688195,腾景科技,2021,58188,50986,54153,76934
688661,和林微纳,2021,57210,50400,53500,79547
688109,品茗股份,2021,66473,58269,62017,92494
688626,翔宇医疗,2021,90888,78105,84321,118811
688659,元琛科技,2021,67176,58816,62878,88421
688260,昀冢科技,2021,74096,64760,69296,99745
688630,芯碁微装,2021,59021,51691,54826,81225
688662,富信科技,2021,78024,68977,73151,105459
688191,智洋创新,2021,77274,67669,72584,103151
688636,智明达,2021,88849,77644,83045,120027
688468,科美诊断,2021,73941,64079,68132,95381
688611,杭州柯林,2021,53122,45549,49554,71606
688683,莱尔科技,2021,69981,62322,65496,90376
688315,诺禾致源,2021,67163,59158,62525,91950
688663,新风光,2021,57862,50338,53851,77485
688533,上声电子,2021,51128,45076,48156,69272
688201,信安世纪,2021,69938,61587,65220,97840
688682,霍莱沃,2021,50039,43910,46556,68601
688639,华恒生物,2021,58260,51089,54689,79903
688323,瑞华泰,2021,40752,36121,38356,53974
688383,新益昌,2021,64596,56682,60233,85328
688395,正弦电气,2021,43267,38997,41294,60116
688113,联测科技,2021,65175,57482,61934,89200
688655,迅捷兴,2021,73256,65141,69077,95843
688097,博众精工,2021,86501,76438,81316,125427
688355,明志科技,2021,76063,68021,72214,100973
688685,迈信林,2021,50667,44859,47666,69770
688565,力源科技,2021,59943,51720,55359,80064
688217,睿昂基因,2021,73176,59627,62115,89623
688234,天岳先进,2022,38762,34806,36689,52596
688259,创耀科技,2022,75601,66980,71206,107714
688062,迈威生物,2022,81910,72945,76819,110384
688220,翱捷科技,2022,73124,65847,70223,101282
688173,希荻微,2022,62341,54954,58227,87465
688223,晶科能源,2022,66793,60181,63456,95852
688171,纬德信息,2022,56316,48362,51976,76835
688270,臻镭科技,2022,53214,46289,49709,70599
688225,亚信安全,2022,65196,58342,61662,94035
688261,东微半导,2022,47611,42782,44892,66535
688283,坤恒顺维,2022,57946,50750,54268,78056
688267,中触媒,2022,56317,50373,53648,80255
688281,华秦科技,2022,54574,48252,51180,78445
688163,赛伦生物,2022,64531,57469,60838,88488
688115,思林杰,2022,58820,51376,54840,82177
688175,高凌信息,2022,81796,71712,75981,114620
688102,斯瑞新材,2022,67750,60641,63572,87808
688207,格灵深瞳,2022,39611,34328,36926,56549
688150,莱特光电,2022,70153,62032,65323,94009
688282,理工导航,2022,59232,51761,55259,81228
688238,和元生物,2022,53040,46166,49053,72972
688306,均普智能,2022,66856,59086,62752,95996
688197,首药控股,2022,56289,48913,52073,74707
688193,仁度生物,2022,79724,70114,74784,111951
688331,荣昌生物,2022,107418,96087,101206,149865
688485,九州一轨,2023,66009,58472,62539,91117
688435,英方软件,2023,71713,63150,66883,100931
688515,裕太微,2023,46708,41090,43885,63949
688307,中润光学,2023,101833,89028,94961,133246
688486,龙迅股份,2023,73104,65785,68554,100604
688522,纳睿雷达,2023,44854,39265,41990,61223
688502,茂莱光学,2023,73893,65713,69699,101924
688531,日联科技,2023,59289,52460,55779,79153
688343,云天励飞,2023,108662,96284,101404,134608
688484,南芯科技,2023,35737,31992,34032,50047
688535,华海诚科,2023,69703,61094,65229,94252
688433,华曙高科,2023,50879,45362,47045,69366
688507,索辰科技,2023,48131,41987,44961,68298
688352,颀中科技,2023,64048,56972,60143,87199
688539,高华科技,2023,59253,51846,55384,82709
688146,中船特气,2023,67734,59088,63170,86000
688478,晶升股份,2023,68363,60334,64356,92330
688249,晶合集成,2023,40800,35931,38008,56590
688469,中芯集成,2023,45427,40759,42961,62414
688479,友车科技,2023,35901,31235,33502,51621
688512,慧智微,2023,53910,47517,50421,73588
688552,航天南湖,2023,50664,44501,47571,69673
688361,中科飞测,2023,35171,31038,33021,50727
688581,安杰思,2023,75116,65216,69441,100691
688458,美芯晟,2023,57109,50033,53258,79948
688575,亚辉龙,2021,114233,97329,104759,150030
688314,康拓医疗,2021,51868,45005,48198,68637
688660,电气风电,2021,89975,80229,84945,120822
688076,诺泰生物,2021,115953,102806,108831,158881
688613,奥精医疗,2021,70083,61495,65354,95891
688359,三孚新科,2021,62781,55977,59123,82122
688538,和辉光电,2021,84673,74450,79119,119071
688117,圣诺生物,2021,85214,75924,80726,117381
688319,欧林生物,2021,86873,77031,81650,119249
688625,呈和科技,2021,55479,48959,51978,75595
688131,皓元医药,2021,110638,97041,103758,154923
688269,凯立新材,2021,78217,68525,72988,103253
688345,博力威,2021,72852,64877,68892,99678
688681,科汇股份,2021,60635,54980,57012,84312
688067,爱威科技,2021,74428,64104,69442,96674
688700,东威科技,2021,40880,36457,38603,55088
688597,煜邦电力,2021,84549,73308,78292,109672
688517,金冠电气,2021,72372,63438,67485,93410
688425,铁建重工,2021,112726,99621,105886,150028
688621,阳光诺和,2021,58645,51669,54979,83713
688216,气派科技,2021,82263,72681,77231,108284
688690,纳微科技,2021,47988,41702,44585,64487
688276,百克生物,2021,61841,52799,56587,80425
688601,力芯微,2021,39607,34917,36846,55753
688367,工大高科,2021,71019,60175,65146,91527
688161,威高骨科,2021,94631,81734,87795,119538
688499,利元亨,2021,57140,48966,52863,75615
688239,航宇科技,2021,84945,73304,78596,112625
688226,威腾电气,2021,99216,86592,92511,128608
688087,英科再生,2021,63022,54921,58051,84234
688789,宏华数科,2021,57021,49930,53304,76784
688305,科德数控,2021,87658,76473,81102,111675
688038,中科通达,2021,69290,61026,64955,98758
688799,华纳药厂,2021,135458,118421,126744,169731
688793,倍轻松,2021,80576,69831,76706,104778
688501,青达环保,2021,76613,66835,71660,99508
688800,瑞可达,2021,64252,56351,60284,86226
688303,大全能源,2021,65333,57760,61096,86540
688768,容知日新,2021,67921,58629,63155,93664
688296,和达科技,2021,69955,62818,65575,98279
688718,唯赛勃,2021,74271,65072,69510,99594
688071,华依科技,2021,76331,66712,71402,109136
688509,正元地信,2021,80390,70208,75157,115860
688511,天微电子,2021,70494,61607,66124,100342
688670,金迪克,2021,58773,51661,54862,78764
688385,复旦微电,2021,83264,74050,78630,120483
688778,厦钨新能,2021,68816,60073,64452,88882
688148,芳源股份,2021,55117,48443,51642,73061
688779,长远锂科,2021,72657,63451,67752,96047
688787,海天瑞声,2021,106754,93329,99481,149140
688798,艾为电子,2021,53573,45999,49151,72989
688733,壹石通,2021,58742,51944,55065,80435
688728,格科微,2021,67919,58926,62818,94320
688766,普冉股份,2021,63600,56406,58879,90994
688786,悦安新材,2021,64812,56799,60579,83723
688776,国光电气,2021,50334,43507,46337,65563
688711,宏微科技,2021,64528,56740,60271,85999
688121,卓然股份,2021,69856,61355,66209,90932
688187,时代电气,2021,79616,69872,74643,109098
688091,上海谊众,2021,46510,41180,43776,61759
688767,博拓生物,2021,85273,75850,79875,120326
688103,国力股份,2021,73265,64273,68648,99925
688622,禾信仪器,2021,80787,71008,76232,107345
688707,振华新材,2021,72424,64091,68183,97473
688701,卓锦股份,2021,80599,69481,74779,109565
688697,纽威数控,2021,62717,54318,58142,82380
688739,成大生物,2021,65347,57090,60955,87826
688772,珠海冠宇,2021,69576,60585,64660,90549
688272,富吉瑞,2021,92901,80815,86511,126111
688722,同益中,2021,47890,41565,44249,63540
688285,高铁电气,2021,64735,57208,60874,87427
688255,凯尔达,2021,79197,69233,72344,106382
688553,汇宇制药,2021,77121,68150,72508,102190
688737,中自科技,2021,66075,56949,60266,84598
688211,中科微至,2021,46754,40546,43363,63005
688257,新锐股份,2021,64264,56016,59593,83923
688280,精进电动,2021,87355,77988,83094,114289
688162,巨一科技,2021,70302,61527,66031,100086
688105,诺唯赞,2021,76706,66108,71029,101219
688107,安路科技,2021,40475,36456,38305,59361
688212,澳华内镜,2021,69036,60314,64139,91035
688182,灿勤科技,2021,57425,51846,54459,75949
688075,安旭生物,2021,81931,71796,76783,109772
688082,盛美上海,2021,57976,51045,54455,78937
688232,新点软件,2021,87136,76128,80811,118016
688190,云路股份,2021,59768,52928,56092,79504
688049,炬芯科技,2021,41347,36657,39000,56224
688112,鼎阳科技,2021,75364,66313,70550,103294
688230,芯导科技,2021,47546,41762,44515,63706
688151,华强科技,2021,49853,43211,46405,65281
688110,东芯股份,2021,46292,41185,43338,65178
688192,迪哲医药,2021,74022,67204,70933,104740
688235,百济神州,2021,134619,112981,118421,171282
688246,嘉和美康,2021,84108,72621,77910,116707
688032,禾迈股份,2021,59583,51656,55262,82801
688248,南网科技,2021,84398,73170,78758,115213
688167,炬光科技,2021,58955,52070,55223,80849
688206,概伦电子,2021,37824,33551,35562,56345
688210,统联精密,2021,53501,46752,49853,72415
688265,南模生物,2021,52940,46955,49723,74083
688227,品高股份,2021,68167,59852,63600,96651
688236,春立医疗,2021,103351,90986,96991,138059
688262,国芯科技,2021,87093,77914,82284,120655
688176,亚虹医药,2021,81553,72539,76777,112835
688048,长光华芯,2022,69803,60628,64618,91205
688295,中复神鹰,2022,60595,52757,56200,75135
688337,普源精电,2022,62802,55711,59051,87151
688153,唯捷创芯,2022,32718,28643,30354,44789
688302,海创药业,2022,81170,72458,76504,113167
688125,安达智能,2022,56614,50298,53062,79602
688326,经纬恒润,2022,55415,48916,51918,78248
688072,拓荆科技,2022,32685,29079,30622,46547
688209,英集芯,2022,57372,49031,52863,73343
688279,峰岹科技,2022,38872,33950,36230,53602
688046,药康生物,2022,59111,51769,55291,80445
688052,纳芯微,2022,57387,50269,53598,77096
688325,赛微微电,2022,34802,30888,32853,48277
688290,景业智能,2022,58079,50364,53739,76612
688320,禾川科技,2022,58237,52122,54904,81450
688170,德龙激光,2022,66277,59562,61928,88270
688213,思特威,2022,45929,40322,42774,65504
688045,必易微,2022,44884,39309,41942,60972
688327,云从科技,2022,79937,69832,74661,113241
688119,中钢洛耐,2022,72202,63080,67484,93826
688251,井松智能,2022,44741,38914,41833,60994
688120,华海清科,2022,53236,47369,50127,73163
688348,昱能科技,2022,51055,44483,47181,70302
688349,三一重能,2022,146668,129855,137502,181382
688047,龙芯中科,2022,35381,31171,33192,48411
688297,中无人机,2022,52564,45892,48913,74546
688237,超卓航科,2022,43434,38407,40935,60470
688400,凌云光,2022,70918,62860,66475,97581
688322,奥比中光,2022,14100,12238,13028,18801
688053,思科瑞,2022,62758,55184,58715,86631
688353,华盛锂电,2022,49519,42986,46127,65606
688332,中科蓝讯,2022,51617,46128,48663,70880
688231,隆达股份,2022,70779,63151,66715,97576
688375,国博电子,2022,53327,46577,49638,72131
688382,益方生物,2022,94540,83868,88398,128929
688253,英诺特,2022,66725,57607,62040,88696
688130,晶华微,2022,41404,35978,38536,55561
688371,菲沃泰,2022,59648,52129,55372,78323
688373,盟科药业,2022,70887,63164,66735,99890
688380,中微半导,2022,40213,34492,36670,53791
688205,德科立,2022,52660,45662,48571,67682
688273,麦澜德,2022,37899,33756,36360,53891
688041,海光信息,2022,38905,34616,36613,56601
688203,海正生材,2022,88078,77990,82720,121279
688292,浩瀚深度,2022,60972,54676,56709,86814
688401,路维光电,2022,51898,47380,49089,70397
688403,汇成股份,2022,43828,38789,40940,60333
688271,联影医疗,2022,94284,81121,87027,125486
688381,帝奥微,2022,54268,48049,51009,73191
688370,丛麟科技,2022,75224,65842,70056,99188
688247,宣泰医药,2022,80497,71391,75760,107185
688439,振华风光,2022,36462,31421,33580,49554
688416,恒烁股份,2022,60980,53843,57047,84225
688351,微电生理,2022,56768,49260,52576,77366
688293,奥浦迈,2022,49447,42861,45843,66142
688114,华大智造,2022,41899,35945,38341,60220
688391,钜泉科技,2022,71322,63341,66948,98146
688455,科捷智能,2022,77453,68088,72555,100893
688035,德邦科技,2022,52674,46069,49086,69348
688184,帕瓦股份,2022,35396,30976,33058,47028
688448,磁谷科技,2022,46616,41049,43940,61752
688428,诺诚健华,2022,86411,76250,80030,117398
688132,邦彦技术,2022,61806,53680,58048,85333
688387,信科移动,2022,93536,81941,87606,124315
688392,骄成超声,2022,64386,56668,60742,91924
688252,天德钰,2022,44560,38394,40969,59405
688275,万润新能,2022,73791,64489,68801,94794
688137,近岸蛋白,2022,72269,61988,66247,100075
688409,富创精密,2022,33865,29518,31414,44724
688073,毕得医药,2022,77024,68735,72875,108764
688459,哈铁科技,2022,76649,67451,72024,104226
688031,星环科技,2022,81322,71792,76037,122851
688061,灿瑞科技,2022,50840,44916,47142,67926
688244,永信至诚,2022,77693,68160,71778,106416
688291,金橙子,2022,52500,45647,48879,72105
688152,麒麟信安,2022,60978,53027,56755,87236
688426,康为世纪,2022,66974,57970,62213,92142
688372,伟测科技,2022,46590,40439,43584,63890
688419,耐科装备,2022,65094,56937,60840,88462
688432,有研硅,2022,49656,43415,46113,63613
688362,甬矽电子,2022,51491,45485,47923,67899
688376,美埃科技,2022,7913,6622,7243,11003
688480,赛恩斯,2022,74303,64538,69472,101025
688489,三未信安,2022,50608,44633,47331,69878
688084,晶品特装,2022,67357,58242,62787,88821
688143,长盈通,2022,75052,66308,70406,105488
688420,美腾科技,2022,64776,57217,60819,86667
688503,聚和材料,2022,37645,33334,35557,51187
688172,燕东微,2022,56829,50646,53591,76063
688498,源杰科技,2022,48180,42458,45193,63535
688141,杰华特,2022,44280,38858,41343,62106
688147,微导纳米,2022,44915,40390,42144,61011
688410,山外山,2022,54703,48717,51572,77248
688475,萤石网络,2022,66807,58883,62542,94944
688496,清越科技,2022,48392,43850,45668,67200
688525,佰维存储,2022,64110,54992,58956,85380
688506,百利天恒,2022,129054,113728,120871,170516
688562,航天软件,2023,60218,52392,56231,84196
688593,新相微,2023,38574,34021,36022,55569
688523,航天环宇,2023,58895,52026,55080,79352
688570,天玛智控,2023,97435,85467,91348,133667
688576,西山科技,2023,89052,77873,83504,117038
688623,双元科技,2023,71593,62518,66809,95397
688472,阿特斯,2023,60866,54002,56943,83456
688334,西高院,2023,92744,82014,87141,132132
688443,智翔金泰,2023,70256,62240,65780,93981
688543,国科军工,2023,39974,35125,37330,53935
688620,安凯微,2023,36682,32530,34487,51889
688629,华丰科技,2023,61385,53897,57409,83029
688631,莱斯信息,2023,85022,72922,78842,117652
688429,时创能源,2023,38519,33628,35950,51305
688582,芯动联科,2023,48485,42559,45132,67012
688603,天承科技,2023,60149,53766,56596,80400
688638,誉辰智能,2023,54636,47918,51392,73840
688610,埃科光电,2023,64332,56574,60462,90020
688627,精智达,2023,41239,36184,38656,56951
688563,航材股份,2023,54610,47664,51105,69369
688602,康鹏科技,2023,71273,62972,66944,95704
688450,光格科技,2023,10123,8988,9702,15287
688612,威迈斯,2023,104991,87391,94698,128959
688651,盛邦安全,2023,46336,40068,43295,66811
688646,逸飞激光,2023,49544,43400,46266,66907
688347,华虹公司,2023,24967,22173,23497,35624
688671,碧兴物联,2023,59703,51623,55452,80975
688592,司南导航,2023,54527,48112,51042,76772
688548,广钢气体,2023,39024,34193,36297,53128
688573,信宇人,2023,51751,45164,48718,68572
688693,锴威特,2023,56510,50357,52963,75503
688591,泰凌微,2023,54045,48904,51565,79138
688549,中巨芯,2023,57729,51186,54168,76741
688702,盛科通信,2023,51485,45980,48586,75299
688716,中研股份,2023,79754,70069,74619,106636
688719,爱科赛博,2023,69898,61181,65451,97903
688657,浩辰软件,2023,61606,54195,57576,86493
688648,中邮科技,2023,48039,42795,45419,69793
688653,康希通信,2023,40543,35416,37633,55746
688652,京仪装备,2023,45363,39522,42023,62410
688720,艾森股份,2023,57188,50272,53333,74471
688717,艾罗能源,2023,73639,64971,68909,100025
